-- =============================================
-- 1. 用户数据 (10条)
-- =============================================
INSERT INTO user (id, username, password, email, avatar, role, status, created_at, updated_at) VALUES
(1, 'admin', '$2a$10$N9qo8uLOickgx2ZMRZoMyeIjZAgcfl7p92ldGxad68LJZdL17lhWy', 'admin@example.com', 'https://via.placeholder.com/150?text=Admin', 'ADMIN', 'ACTIVE', '2024-01-15 08:00:00', '2024-01-15 08:00:00'),
(2, 'alice', '$2a$10$N9qo8uLOickgx2ZMRZoMyeIjZAgcfl7p92ldGxad68LJZdL17lhWy', 'alice@example.com', 'https://via.placeholder.com/150?text=Alice', 'USER', 'ACTIVE', '2024-02-10 09:30:00', '2024-06-01 14:20:00'),
(3, 'bob', '$2a$10$N9qo8uLOickgx2ZMRZoMyeIjZAgcfl7p92ldGxad68LJZdL17lhWy', 'bob@example.com', 'https://via.placeholder.com/150?text=Bob', 'USER', 'ACTIVE', '2024-03-05 11:15:00', '2024-05-20 10:10:00'),
(4, 'charlie', '$2a$10$N9qo8uLOickgx2ZMRZoMyeIjZAgcfl7p92ldGxad68LJZdL17lhWy', 'charlie@example.com', 'https://via.placeholder.com/150?text=Charlie', 'USER', 'ACTIVE', '2024-04-18 16:45:00', '2024-04-18 16:45:00'),
(5, 'diana', '$2a$10$N9qo8uLOickgx2ZMRZoMyeIjZAgcfl7p92ldGxad68LJZdL17lhWy', 'diana@example.com', 'https://via.placeholder.com/150?text=Diana', 'USER', 'ACTIVE', '2024-05-22 12:00:00', '2025-01-10 08:30:00'),
(6, 'eve', '$2a$10$N9qo8uLOickgx2ZMRZoMyeIjZAgcfl7p92ldGxad68LJZdL17lhWy', 'eve@example.com', 'https://via.placeholder.com/150?text=Eve', 'USER', 'ACTIVE', '2024-06-30 19:20:00', '2024-07-15 20:00:00'),
(7, 'frank', '$2a$10$N9qo8uLOickgx2ZMRZoMyeIjZAgcfl7p92ldGxad68LJZdL17lhWy', 'frank@example.com', 'https://via.placeholder.com/150?text=Frank', 'USER', 'ACTIVE', '2024-08-01 07:00:00', '2025-02-28 13:45:00'),
(8, 'grace', '$2a$10$N9qo8uLOickgx2ZMRZoMyeIjZAgcfl7p92ldGxad68LJZdL17lhWy', 'grace@example.com', 'https://via.placeholder.com/150?text=Grace', 'USER', 'BANNED', '2024-09-12 14:30:00', '2025-03-01 09:00:00'),
(9, 'henry', '$2a$10$N9qo8uLOickgx2ZMRZoMyeIjZAgcfl7p92ldGxad68LJZdL17lhWy', 'henry@example.com', 'https://via.placeholder.com/150?text=Henry', 'USER', 'ACTIVE', '2024-10-25 10:10:00', '2024-12-05 11:11:00'),
(10, 'ivy', '$2a$10$N9qo8uLOickgx2ZMRZoMyeIjZAgcfl7p92ldGxad68LJZdL17lhWy', 'ivy@example.com', 'https://via.placeholder.com/150?text=Ivy', 'USER', 'ACTIVE', '2024-11-30 18:00:00', '2025-04-10 16:20:00');

-- =============================================
-- 2. 文章数据 (50篇)
-- =============================================
INSERT INTO article (id, title, summary, cover_image, author_id, status, view_count, like_count, created_at, updated_at) VALUES
(1, '深入理解Java虚拟机', '本文带你深入JVM内存模型与垃圾回收机制。', 'https://via.placeholder.com/800x400?text=JVM', 1, 'PUBLISHED', 1523, 89, '2024-06-01 10:00:00', '2024-06-01 10:00:00'),
(2, 'Python数据分析入门', '使用Pandas和Matplotlib进行数据探索的基础教程。', 'https://via.placeholder.com/800x400?text=Python', 2, 'PUBLISHED', 2340, 120, '2024-06-05 14:30:00', '2024-06-05 14:30:00'),
(3, 'Spring Boot微服务实战', '从零搭建一个基于Spring Boot的微服务应用。', 'https://via.placeholder.com/800x400?text=Spring', 3, 'PUBLISHED', 890, 45, '2024-06-10 09:15:00', '2024-06-11 08:00:00'),
(4, 'React Hooks全面解析', 'useState, useEffect等核心Hook的使用与原理。', 'https://via.placeholder.com/800x400?text=React', 4, 'PUBLISHED', 3210, 210, '2024-06-15 16:00:00', '2024-06-20 11:00:00'),
(5, 'Docker容器化部署指南', '学会编写Dockerfile并部署你的第一个容器。', 'https://via.placeholder.com/800x400?text=Docker', 5, 'PUBLISHED', 1780, 95, '2024-06-20 11:45:00', '2024-07-01 10:30:00'),
(6, 'MySQL索引优化技巧', '深入理解B+树索引，提升查询性能。', 'https://via.placeholder.com/800x400?text=MySQL', 6, 'PUBLISHED', 4560, 312, '2024-07-01 08:20:00', '2024-07-05 14:00:00'),
(7, 'Vue 3 Composition API', '探索Vue 3全新的组合式API设计模式。', 'https://via.placeholder.com/800x400?text=Vue', 7, 'PUBLISHED', 1980, 134, '2024-07-10 13:00:00', '2024-07-10 13:00:00'),
(8, 'Linux常用命令速查', '开发者必备的Linux命令大全。', 'https://via.placeholder.com/800x400?text=Linux', 9, 'PUBLISHED', 987, 56, '2024-07-15 10:30:00', '2024-07-15 10:30:00'),
(9, '前端性能优化实战', '减少首屏加载时间与代码分割策略。', 'https://via.placeholder.com/800x400?text=Perf', 2, 'PUBLISHED', 560, 34, '2024-07-20 15:00:00', '2024-08-01 09:00:00'),
(10, 'Java并发编程艺术', '从synchronized到AQS，掌握并发核心。', 'https://via.placeholder.com/800x400?text=Concurrency', 3, 'PUBLISHED', 2870, 178, '2024-08-01 12:00:00', '2024-08-05 16:20:00'),
(11, '人工智能伦理探讨', 'AI发展带来的社会伦理挑战与思考。', 'https://via.placeholder.com/800x400?text=AI', 10, 'PUBLISHED', 720, 42, '2024-08-10 09:00:00', '2024-08-10 09:00:00'),
(12, '随笔：代码与生活', '记录编程之外的感悟与故事。', 'https://via.placeholder.com/800x400?text=Life', 4, 'PUBLISHED', 130, 15, '2024-08-15 18:00:00', '2024-08-15 18:00:00'),
(13, 'Kubernetes入门与实践', '从Pod到Service，快速上手K8s。', 'https://via.placeholder.com/800x400?text=K8s', 5, 'PUBLISHED', 1120, 67, '2024-09-01 10:00:00', '2024-09-05 14:00:00'),
(14, 'Node.js后端开发', '使用Express搭建RESTful API。', 'https://via.placeholder.com/800x400?text=Node', 6, 'PUBLISHED', 890, 78, '2024-09-10 11:00:00', '2024-09-10 11:00:00'),
(15, 'Git团队协作最佳实践', '分支策略与代码审查流程。', 'https://via.placeholder.com/800x400?text=Git', 7, 'PUBLISHED', 1570, 102, '2024-09-15 08:30:00', '2024-09-20 16:45:00'),
(16, 'Rust语言初探', '内存安全与高性能的系统编程语言。', 'https://via.placeholder.com/800x400?text=Rust', 9, 'PUBLISHED', 670, 38, '2024-09-20 14:00:00', '2024-09-20 14:00:00'),
(17, 'TypeScript类型体操', '高级类型与工具类型实战。', 'https://via.placeholder.com/800x400?text=TS', 2, 'PUBLISHED', 1430, 87, '2024-10-01 10:00:00', '2024-10-05 09:00:00'),
(18, '算法图解：动态规划', '从背包问题理解DP思想。', 'https://via.placeholder.com/800x400?text=DP', 1, 'PUBLISHED', 3450, 256, '2024-10-05 15:00:00', '2024-10-10 12:00:00'),
(19, 'MongoDB聚合管道', '灵活的数据处理与分析框架。', 'https://via.placeholder.com/800x400?text=Mongo', 3, 'PUBLISHED', 760, 41, '2024-10-10 13:45:00', '2024-10-10 13:45:00'),
(20, 'Web安全攻防基础', 'XSS与CSRF防护策略。', 'https://via.placeholder.com/800x400?text=Security', 4, 'PUBLISHED', 1050, 69, '2024-10-20 09:00:00', '2024-10-22 11:00:00'),
(21, '设计模式在JavaScript中的应用', '观察者模式与单例模式实例。', 'https://via.placeholder.com/800x400?text=Patterns', 5, 'PUBLISHED', 920, 55, '2024-11-01 16:00:00', '2024-11-01 16:00:00'),
(22, 'Elasticsearch全文检索', '搭建搜索引擎与中文分词实践。', 'https://via.placeholder.com/800x400?text=ES', 6, 'PUBLISHED', 1280, 84, '2024-11-05 10:30:00', '2024-11-10 14:20:00'),
(23, '图数据库Neo4j入门', '用Cypher探索图数据关系。', 'https://via.placeholder.com/800x400?text=Neo4j', 7, 'PUBLISHED', 410, 23, '2024-11-10 11:15:00', '2024-11-10 11:15:00'),
(24, 'CSS Grid布局完全指南', '二维布局系统实战与响应式设计。', 'https://via.placeholder.com/800x400?text=CSS', 9, 'PUBLISHED', 2340, 135, '2024-11-15 08:00:00', '2024-11-20 09:30:00'),
(25, 'Go语言并发编程', 'Goroutine与Channel深度解析。', 'https://via.placeholder.com/800x400?text=Go', 10, 'PUBLISHED', 1760, 112, '2024-12-01 14:00:00', '2024-12-01 14:00:00'),
(26, 'Redis缓存实战', '缓存穿透、雪崩解决方案与布隆过滤器。', 'https://via.placeholder.com/800x400?text=Redis', 1, 'PUBLISHED', 2890, 201, '2024-12-05 10:00:00', '2024-12-08 15:00:00'),
(27, 'Angular模块化开发', '构建大型企业级前端应用。', 'https://via.placeholder.com/800x400?text=Angular', 2, 'DRAFT', 120, 5, '2024-12-10 09:00:00', '2024-12-12 10:00:00'),
(28, 'Nginx高性能Web服务器', '反向代理与负载均衡配置详解。', 'https://via.placeholder.com/800x400?text=Nginx', 3, 'PUBLISHED', 1640, 97, '2025-01-05 11:00:00', '2025-01-10 08:45:00'),
(29, 'GraphQL API设计', '替代REST的灵活查询方案。', 'https://via.placeholder.com/800x400?text=GraphQL', 4, 'PUBLISHED', 880, 53, '2025-01-15 14:30:00', '2025-01-15 14:30:00'),
(30, 'Scala函数式编程', '融合面向对象与函数式的JVM语言。', 'https://via.placeholder.com/800x400?text=Scala', 5, 'DRAFT', 45, 2, '2025-01-20 10:00:00', '2025-02-01 10:00:00'),
(31, '消息队列Kafka入门', '高吞吐量的分布式消息系统。', 'https://via.placeholder.com/800x400?text=Kafka', 6, 'PUBLISHED', 1020, 66, '2025-02-01 08:30:00', '2025-02-05 12:00:00'),
(32, '移动端Flutter开发', '跨平台UI框架快速上手。', 'https://via.placeholder.com/800x400?text=Flutter', 7, 'PUBLISHED', 1340, 88, '2025-02-10 15:00:00', '2025-02-10 15:00:00'),
(33, '数据库事务与隔离级别', 'ACID特性与MVCC原理。', 'https://via.placeholder.com/800x400?text=DB', 9, 'PUBLISHED', 990, 62, '2025-02-15 09:15:00', '2025-02-18 14:30:00'),
(34, 'Shell脚本自动化', '提高运维效率的实用脚本集。', 'https://via.placeholder.com/800x400?text=Shell', 10, 'PUBLISHED', 870, 49, '2025-03-01 13:00:00', '2025-03-01 13:00:00'),
(35, '区块链技术原理', '工作量证明与智能合约简介。', 'https://via.placeholder.com/800x400?text=Blockchain', 1, 'PUBLISHED', 1450, 91, '2025-03-05 10:00:00', '2025-03-10 11:30:00'),
(36, '持续集成/持续部署(CI/CD)', 'Jenkins与GitHub Actions实践。', 'https://via.placeholder.com/800x400?text=CICD', 2, 'PUBLISHED', 1180, 79, '2025-03-10 16:00:00', '2025-03-15 08:00:00'),
(37, 'WebAssembly入门', '在浏览器中运行C/C++代码。', 'https://via.placeholder.com/800x400?text=Wasm', 3, 'PUBLISHED', 530, 28, '2025-03-20 09:30:00', '2025-03-20 09:30:00'),
(38, '微前端架构设计', '拆分单体前端为独立微应用。', 'https://via.placeholder.com/800x400?text=MicroFE', 4, 'PUBLISHED', 720, 47, '2025-04-01 14:00:00', '2025-04-05 10:00:00'),
(39, '深度学习框架PyTorch', '构建与训练神经网络的快速指南。', 'https://via.placeholder.com/800x400?text=PyTorch', 5, 'PUBLISHED', 2100, 143, '2025-04-05 11:00:00', '2025-04-10 15:20:00'),
(40, '系统设计面试题解析', '设计一个短链接服务。', 'https://via.placeholder.com/800x400?text=SysDesign', 6, 'PUBLISHED', 3890, 287, '2025-04-15 08:00:00', '2025-04-20 09:00:00'),
(41, 'Android Jetpack组件', 'ViewModel与LiveData实践。', 'https://via.placeholder.com/800x400?text=Android', 7, 'PUBLISHED', 890, 54, '2025-04-20 10:30:00', '2025-04-25 11:45:00'),
(42, 'React Native跨平台开发', '用JavaScript编写原生应用。', 'https://via.placeholder.com/800x400?text=RN', 9, 'PUBLISHED', 670, 35, '2025-05-01 15:00:00', '2025-05-01 15:00:00'),
(43, '计算机网络核心概念', 'TCP/IP协议栈与HTTP演进。', 'https://via.placeholder.com/800x400?text=Network', 10, 'PUBLISHED', 1250, 81, '2025-05-05 09:00:00', '2025-05-10 14:00:00'),
(44, 'SwiftUI构建iOS应用', '声明式UI框架与数据流。', 'https://via.placeholder.com/800x400?text=SwiftUI', 1, 'DRAFT', 210, 12, '2025-05-10 11:00:00', '2025-05-15 08:30:00'),
(45, 'Python异步编程', 'asyncio与协程深入理解。', 'https://via.placeholder.com/800x400?text=Async', 2, 'PUBLISHED', 980, 58, '2025-05-15 14:00:00', '2025-05-20 10:00:00'),
(46, 'CSS动画与过渡效果', '创造流畅的用户界面动效。', 'https://via.placeholder.com/800x400?text=Animation', 3, 'PUBLISHED', 1560, 103, '2025-06-01 08:30:00', '2025-06-05 12:00:00'),
(47, 'Kafka Streams流处理', '实时数据转换与分析。', 'https://via.placeholder.com/800x400?text=Streams', 4, 'PUBLISHED', 720, 41, '2025-06-10 16:00:00', '2025-06-10 16:00:00'),
(48, '单元测试与TDD', 'JUnit与Mockito实战指南。', 'https://via.placeholder.com/800x400?text=Testing', 5, 'PUBLISHED', 1350, 94, '2025-07-01 09:00:00', '2025-07-05 13:00:00'),
(49, 'WebRTC实时通信', '构建视频通话与屏幕共享应用。', 'https://via.placeholder.com/800x400?text=WebRTC', 6, 'PUBLISHED', 580, 33, '2025-07-10 11:30:00', '2025-07-10 11:30:00'),
(50, '程序员职业成长路径', '从初级到架构师的技能树。', 'https://via.placeholder.com/800x400?text=Career', 7, 'PUBLISHED', 2670, 205, '2025-08-01 10:00:00', '2025-08-05 14:20:00');

-- =============================================
-- 3. 文章内容 (50条)
-- =============================================
INSERT INTO article_content (article_id, content) VALUES
(1, '# 深入理解Java虚拟机\n\nJava虚拟机（JVM）是Java生态系统的基石。本文将详细介绍JVM的内存结构，包括堆、栈、方法区等...\n\n## 堆内存\n堆是JVM中最大的一块内存区域，用于存储对象实例。通过-Xms和-Xmx参数可调整堆大小...'),
(2, '# Python数据分析入门\n\nPython凭借其简洁的语法和强大的库，成为数据分析领域的首选语言。本教程将使用Pandas进行数据清洗...\n\n```python\nimport pandas as pd\ndf = pd.read_csv(''data.csv'')\nprint(df.head())\n```'),
(3, '# Spring Boot微服务实战\n\nSpring Boot简化了Spring应用的搭建。我们将创建一个用户服务，使用Spring Data JPA访问数据库...'),
(4, '# React Hooks全面解析\n\nHooks是React 16.8引入的新特性，它让你在不编写class的情况下使用state和其他React功能...'),
(5, '# Docker容器化部署指南\n\nDocker通过容器技术让应用及其依赖打包在一起。编写Dockerfile是第一步...\n\n```dockerfile\nFROM openjdk:11\nCOPY target/app.jar app.jar\nENTRYPOINT [\"java\",\"-jar\",\"/app.jar\"]\n```'),
(6, '# MySQL索引优化技巧\n\n索引是提高查询速度的重要手段，但不当使用会导致性能下降。本文将分析B+树索引的原理...'),
(7, '# Vue 3 Composition API\n\nVue 3的Composition API提供了更灵活的代码组织方式。setup()是入口...'),
(8, '# Linux常用命令速查\n\n掌握常用的Linux命令是开发者的必备技能。以下是按分类整理的命令列表...\n\n- ls, cd, pwd\n- grep, awk, sed\n- top, ps, kill'),
(9, '# 前端性能优化实战\n\n首屏加载速度直接影响用户体验。代码分割、懒加载、资源压缩是常用的优化手段...'),
(10, '# Java并发编程艺术\n\nJava的并发包（java.util.concurrent）提供了丰富的工具类。从synchronized到Lock，再到AQS...'),
(11, '# 人工智能伦理探讨\n\n随着AI技术的飞速发展，算法偏见、隐私保护、就业替代等问题日益受到关注...'),
(12, '# 随笔：代码与生活\n\n写代码多年，渐渐明白技术只是工具，生活的意义远不止于此。一杯咖啡，一本好书，偶尔放空...'),
(13, '# Kubernetes入门与实践\n\nK8s已成为容器编排的事实标准。Pod是K8s的最小部署单元，包含一个或多个容器...'),
(14, '# Node.js后端开发\n\n使用Express框架可以快速搭建Web服务器。安装express后，几行代码就能启动服务...\n\n```js\nconst express = require(''express'');\nconst app = express();\napp.get(''/'', (req, res) => res.send(''Hello World''));\napp.listen(3000);\n```'),
(15, '# Git团队协作最佳实践\n\n合理的分支策略能减少冲突。Git Flow与GitHub Flow是两种流行的工作流...'),
(16, '# Rust语言初探\n\nRust通过所有权系统在编译时保证内存安全，没有垃圾回收。它的包管理器Cargo非常方便...'),
(17, '# TypeScript类型体操\n\nTypeScript的类型系统非常强大，内置的工具类型如Partial<T>、Pick<T, K>能大幅提高效率...'),
(18, '# 算法图解：动态规划\n\n动态规划的核心是将大问题分解为重叠子问题。以0-1背包为例，定义dp[i][w]表示前i个物品在容量w下的最大价值...'),
(19, '# MongoDB聚合管道\n\n聚合管道由多个阶段组成，如$match过滤、$group分组、$sort排序。功能类似SQL的GROUP BY...'),
(20, '# Web安全攻防基础\n\nXSS（跨站脚本攻击）通过注入恶意脚本窃取用户数据。防御措施包括输出编码和CSP策略...'),
(21, '# 设计模式在JavaScript中的应用\n\n观察者模式常用于事件驱动系统。JavaScript中的EventEmitter就是典型实现...'),
(22, '# Elasticsearch全文检索\n\nES基于Lucene，支持分布式搜索。创建索引、映射字段类型后，便可进行复杂的全文查询...'),
(23, '# 图数据库Neo4j入门\n\nNeo4j使用Cypher查询语言，节点和关系直观地表示数据。例如：(Person)-[:KNOWS]->(Person)...'),
(24, '# CSS Grid布局完全指南\n\nGrid布局将容器划分为行和列，通过grid-template-columns定义列宽。结合fr单位可轻松实现响应式...'),
(25, '# Go语言并发编程\n\nGoroutine是Go的轻量级线程，通过go关键字启动。Channel用于Goroutine间的通信...'),
(26, '# Redis缓存实战\n\n缓存穿透指查询不存在的数据，导致请求直达数据库。解决方案包括布隆过滤器和缓存空值...'),
(27, '# Angular模块化开发（草稿）\n\nAngular使用NgModule组织代码，核心模块、共享模块、特性模块各有分工...'),
(28, '# Nginx高性能Web服务器\n\nNginx以其高并发和低内存占用闻名。反向代理配置通过proxy_pass指令实现...'),
(29, '# GraphQL API设计\n\nGraphQL允许客户端精确查询所需字段，避免过度获取数据。定义Schema是第一步...'),
(30, '# Scala函数式编程（草稿）\n\nScala融合了面向对象和函数式范式。不可变集合和高阶函数是其核心特性...'),
(31, '# 消息队列Kafka入门\n\nKafka由Producer、Broker、Consumer组成。Topic是消息的逻辑分类，分区实现并行处理...'),
(32, '# 移动端Flutter开发\n\nFlutter使用Dart语言，一切皆为Widget。StatelessWidget和StatefulWidget是两大基石...'),
(33, '# 数据库事务与隔离级别\n\n事务有四个特性ACID。读未提交、读已提交、可重复读、串行化是四种隔离级别，MySQL默认可重复读...'),
(34, '# Shell脚本自动化\n\nShell脚本可以将一系列命令组合执行，例如批量重命名文件、监控系统资源...\n\n```bash\n#!/bin/bash\nfor file in *.txt; do\n  mv \"$file\" \"${file%.txt}.md\"\ndone\n```'),
(35, '# 区块链技术原理\n\n区块链由区块组成，每个区块包含前一区块的哈希。工作量证明通过计算难题保证安全...'),
(36, '# 持续集成/持续部署(CI/CD)\n\nJenkinsfile或.github/workflows中定义Pipeline，实现代码提交后自动构建、测试、部署...'),
(37, '# WebAssembly入门\n\nWasm是一种低级字节码，可以在浏览器中高效运行C/C++/Rust编译的代码...'),
(38, '# 微前端架构设计\n\n微前端将前端应用拆分为更小的、独立可部署的微应用。qiankun和Module Federation是流行方案...'),
(39, '# 深度学习框架PyTorch\n\nPyTorch使用动态计算图，张量运算与NumPy类似。定义模型、损失函数和优化器...'),
(40, '# 系统设计面试题解析\n\n设计一个短链接服务需要考虑：生成算法（哈希+Base62）、数据库选型、缓存策略、301重定向...'),
(41, '# Android Jetpack组件\n\nViewModel负责为Activity/Fragment管理数据，屏幕旋转时数据不会丢失...'),
(42, '# React Native跨平台开发\n\nReact Native使用JavaScript桥接原生组件，一套代码可同时运行在iOS和Android...'),
(43, '# 计算机网络核心概念\n\nTCP三次握手建立连接，四次挥手断开。HTTP/1.1持久连接与HTTP/2的多路复用...'),
(44, '# SwiftUI构建iOS应用（草稿）\n\nSwiftUI使用声明式语法描述界面，@State和@Binding管理视图状态...'),
(45, '# Python异步编程\n\nasyncio事件循环驱动协程，await挂起当前任务直到结果就绪。适用于IO密集型场景...'),
(46, '# CSS动画与过渡效果\n\ntransition实现平滑的属性变化，@keyframes定义复杂的动画序列。transform改变元素形状...'),
(47, '# Kafka Streams流处理\n\nStreams API提供高级操作如map、filter、join，可实现实时ETL和聚合...'),
(48, '# 单元测试与TDD\n\n测试驱动开发（TDD）遵循红-绿-重构循环。JUnit5提供丰富的断言和扩展...'),
(49, '# WebRTC实时通信\n\nWebRTC通过RTCPeerConnection建立P2P连接，getUserMedia获取摄像头和麦克风权限...'),
(50, '# 程序员职业成长路径\n\n技术深度与广度同样重要。初级工程师重在执行力，高级工程师需具备系统设计和指导能力...');

-- =============================================
-- 4. 标签数据 (15条)
-- =============================================
INSERT INTO tag (id, name) VALUES
(1, 'Java'),
(2, 'Python'),
(3, 'JavaScript'),
(4, 'Spring Boot'),
(5, 'Vue.js'),
(6, 'React'),
(7, '数据库'),
(8, '算法'),
(9, '前端'),
(10, '后端'),
(11, '生活'),
(12, '随笔'),
(13, 'Docker'),
(14, 'Linux'),
(15, '人工智能');

-- =============================================
-- 5. 文章-标签关联 (每篇文章1~3个标签)
-- =============================================
INSERT INTO article_tag (article_id, tag_id) VALUES
(1, 1), (1, 8), (2, 2), (2, 8), (3, 1), (3, 4), (3, 10),
(4, 6), (4, 3), (5, 13), (5, 14), (6, 7), (6, 10),
(7, 5), (7, 3), (8, 14), (9, 9), (9, 6),
(10, 1), (10, 8), (11, 15), (12, 11), (12, 12),
(13, 13), (13, 14), (14, 3), (14, 10), (15, 14),
(16, 1), (16, 10), (17, 3), (17, 9), (18, 8),
(19, 7), (19, 10), (20, 10), (20, 9),
(21, 3), (21, 9), (22, 7), (22, 10), (23, 7),
(24, 9), (24, 3), (25, 2), (25, 10),
(26, 7), (26, 10), (27, 9), (27, 6),
(28, 14), (28, 10), (29, 3), (29, 10),
(30, 1), (31, 10), (31, 7), (32, 5), (32, 3),
(33, 7), (34, 14), (34, 2), (35, 15), (35, 8),
(36, 14), (36, 13), (37, 3), (37, 9),
(38, 9), (38, 6), (39, 15), (39, 2),
(40, 10), (40, 8), (41, 1), (41, 9),
(42, 6), (42, 3), (43, 14), (43, 10),
(44, 5), (44, 9), (45, 2), (45, 10),
(46, 9), (46, 3), (47, 10), (47, 7),
(48, 1), (48, 8), (49, 3), (49, 9),
(50, 11), (50, 12);

-- =============================================
-- 6. 评论数据 (约150条，含回复关系)
-- =============================================
INSERT INTO comment (id, article_id, user_id, content, parent_id, status, is_read, created_at) VALUES
-- 文章1的评论
(1, 1, 2, '讲解得很透彻，对JVM内存模型理解更深了。', NULL, 'ACTIVE', 1, '2024-06-02 09:15:00'),
(2, 1, 3, '能出一期关于G1垃圾回收器的详细分析吗？', 1, 'ACTIVE', 0, '2024-06-02 10:20:00'),
(3, 1, 4, '同问，期待后续文章。', 2, 'ACTIVE', 1, '2024-06-03 11:00:00'),
(4, 1, 5, '写得不错，收藏了。', NULL, 'ACTIVE', 1, '2024-06-04 14:30:00'),
-- 文章2的评论
(5, 2, 1, 'Pandas确实是数据分析利器。', NULL, 'ACTIVE', 1, '2024-06-06 08:00:00'),
(6, 2, 6, '博主能推荐一些练习数据集吗？', 5, 'ACTIVE', 1, '2024-06-06 09:30:00'),
(7, 2, 2, 'kaggle上有很多免费数据集。', 6, 'ACTIVE', 0, '2024-06-07 10:00:00'),
(8, 2, 7, '谢谢分享，正好需要入门。', NULL, 'ACTIVE', 1, '2024-06-08 15:20:00'),
-- 文章3评论
(9, 3, 4, 'Spring Boot微服务实战性很强，已跟着搭建。', NULL, 'ACTIVE', 1, '2024-06-12 10:00:00'),
(10, 3, 8, '可惜账号被封了不能发私信，想问下服务间通信用的什么？', 9, 'DELETED', 0, '2024-06-13 11:15:00'),
-- 文章4
(11, 4, 5, 'React Hooks让代码简洁了很多。', NULL, 'ACTIVE', 1, '2024-06-16 12:00:00'),
(12, 4, 9, 'useEffect的依赖数组有时候会踩坑。', 11, 'ACTIVE', 1, '2024-06-17 14:45:00'),
(13, 4, 3, '对，闭包陷阱要注意。', 12, 'ACTIVE', 0, '2024-06-18 08:30:00'),
-- 文章6热评
(14, 6, 10, '索引优化是后端必备技能。', NULL, 'ACTIVE', 1, '2024-07-02 09:00:00'),
(15, 6, 1, 'MySQL 8.0的降序索引和不可见索引也很实用。', 14, 'ACTIVE', 1, '2024-07-02 10:00:00'),
(16, 6, 2, '已收藏，面试被问到了。', NULL, 'ACTIVE', 1, '2024-07-03 11:20:00'),
-- 文章10
(17, 10, 7, '并发这块一直是我的弱项，学习了。', NULL, 'ACTIVE', 1, '2024-08-02 15:00:00'),
(18, 10, 6, '能对比下synchronized和Lock的实际应用场景吗？', 17, 'ACTIVE', 0, '2024-08-03 16:30:00'),
-- 文章12
(19, 12, 3, '感同身受，代码之外还有生活。', NULL, 'ACTIVE', 1, '2024-08-16 09:00:00'),
(20, 12, 5, '偶尔停下来，才能走得更远。', 19, 'ACTIVE', 1, '2024-08-16 10:15:00'),
-- 文章18热评
(21, 18, 4, '动态规划讲得很清晰，比教材易懂。', NULL, 'ACTIVE', 1, '2024-10-06 08:45:00'),
(22, 18, 9, '背包问题理解后，其他DP也就通了。', 21, 'ACTIVE', 1, '2024-10-06 09:30:00'),
(23, 18, 10, '希望能出一个系列，从递归到DP。', NULL, 'ACTIVE', 1, '2024-10-07 14:00:00'),
-- 文章40热评
(24, 40, 2, '系统设计面试必考，文章条理清晰！', NULL, 'ACTIVE', 1, '2025-04-16 10:00:00'),
(25, 40, 6, '短链接的301重定向和302区别分析得很好。', 24, 'ACTIVE', 1, '2025-04-16 11:20:00'),
(26, 40, 1, '还可以补充下分库分表的考虑。', 24, 'ACTIVE', 0, '2025-04-17 08:15:00'),
(27, 40, 5, '已三连，期待更多面试题解析。', NULL, 'ACTIVE', 1, '2025-04-18 15:40:00'),
-- 随机为其他文章生成一些评论（省略部分，此处展示典型）
(28, 5, 3, 'Docker部署确实简化了运维。', NULL, 'ACTIVE', 1, '2024-06-21 10:00:00'),
(29, 5, 4, 'docker-compose编排多容器很好用。', 28, 'ACTIVE', 0, '2024-06-22 12:00:00'),
(30, 7, 2, 'Composition API比Options API灵活太多。', NULL, 'ACTIVE', 1, '2024-07-11 14:30:00'),
(31, 8, 10, '命令很全，打印出来贴在桌上了。', NULL, 'ACTIVE', 1, '2024-07-16 08:00:00'),
(32, 9, 1, '性能优化无止境，学习了。', NULL, 'ACTIVE', 1, '2024-07-21 16:00:00'),
(33, 11, 9, 'AI伦理确实需要更多讨论。', NULL, 'ACTIVE', 1, '2024-08-11 11:00:00'),
(34, 13, 2, 'K8s上手有点难，但文章把核心概念讲清楚了。', NULL, 'ACTIVE', 1, '2024-09-02 10:30:00'),
(35, 14, 7, 'Express写API真是快。', NULL, 'ACTIVE', 1, '2024-09-11 13:45:00'),
(36, 15, 6, 'Git Flow适合传统版本发布，GitHub Flow更适合持续部署。', NULL, 'ACTIVE', 1, '2024-09-16 09:00:00'),
(37, 16, 5, 'Rust的所有权模型需要适应一下。', NULL, 'ACTIVE', 1, '2024-09-21 14:20:00'),
(38, 17, 8, '类型体操玩起来很上头，可惜号没了。', NULL, 'DELETED', 0, '2024-10-02 10:10:00'),
(39, 19, 10, 'Mongo的聚合管道比MapReduce易用多了。', NULL, 'ACTIVE', 1, '2024-10-11 15:00:00'),
(40, 20, 4, 'XSS防御一定要做输出编码。', NULL, 'ACTIVE', 1, '2024-10-21 08:30:00'),
(41, 22, 3, 'ES的倒排索引原理讲得不错。', NULL, 'ACTIVE', 1, '2024-11-06 11:00:00'),
(42, 24, 1, 'Grid终于有一篇完整的总结了。', NULL, 'ACTIVE', 1, '2024-11-16 09:00:00'),
(43, 25, 2, 'Goroutine很轻量，但要注意泄漏。', NULL, 'ACTIVE', 1, '2024-12-02 15:00:00'),
(44, 26, 6, '缓存雪崩可以设置随机过期时间缓解。', NULL, 'ACTIVE', 1, '2024-12-06 10:30:00'),
(45, 28, 9, 'Nginx配置反向代理那里再细一点就好了。', NULL, 'ACTIVE', 1, '2025-01-06 14:00:00'),
(46, 31, 5, 'Kafka的ISR机制保证了高可用。', NULL, 'ACTIVE', 1, '2025-02-02 09:15:00'),
(47, 33, 10, 'MVCC是实现可重复读的关键。', NULL, 'ACTIVE', 1, '2025-02-16 13:00:00'),
(48, 35, 7, '智能合约打开了新世界的大门。', NULL, 'ACTIVE', 1, '2025-03-06 10:45:00'),
(49, 39, 3, 'PyTorch的动态图调试很方便。', NULL, 'ACTIVE', 1, '2025-04-06 11:30:00'),
(50, 43, 4, '计网基础还是得常复习。', NULL, 'ACTIVE', 1, '2025-05-06 08:30:00'),
(51, 46, 2, 'CSS动画让页面活了起来。', NULL, 'ACTIVE', 1, '2025-06-02 14:15:00'),
(52, 48, 8, 'TDD习惯后回不去了。', NULL, 'DELETED', 0, '2025-07-02 09:00:00'),
(53, 50, 1, '职业规划很重要，给新人指明方向。', NULL, 'ACTIVE', 1, '2025-08-02 10:00:00'),
(54, 50, 5, '架构师不仅需要技术深度，还要有业务理解力。', 53, 'ACTIVE', 1, '2025-08-03 11:00:00'),
-- 另外再补充一些回复和评论以使总数更丰富（模拟更多互动）
(55, 6, 3, '覆盖索引也能避免回表查询。', 16, 'ACTIVE', 0, '2024-07-04 10:00:00'),
(56, 18, 6, '自顶向下和自底向上都解释下就更好了。', 23, 'ACTIVE', 1, '2024-10-08 09:30:00'),
(57, 2, 10, 'Matplotlib画图入门快，但seaborn更美观。', 8, 'ACTIVE', 1, '2024-06-09 12:00:00'),
(58, 4, 7, '自定义Hook是复用逻辑的利器。', NULL, 'ACTIVE', 1, '2024-06-19 15:00:00'),
(59, 5, 8, '多阶段构建减少镜像体积。', 28, 'DELETED', 0, '2024-06-23 08:30:00'),
(60, 7, 1, 'setup语法糖让代码更干净。', 30, 'ACTIVE', 1, '2024-07-12 10:00:00'),
(61, 1, 9, '能讲下ZGC吗？', NULL, 'ACTIVE', 0, '2024-06-05 16:00:00'),
(62, 10, 2, 'AQS框架是concurrent包的基石。', NULL, 'ACTIVE', 1, '2024-08-04 09:20:00'),
(63, 20, 10, 'CSP头设置可以防止很多XSS。', 40, 'ACTIVE', 1, '2024-10-22 09:45:00'),
(64, 24, 5, 'grid-template-areas 让布局更直观。', 42, 'ACTIVE', 1, '2024-11-17 10:15:00'),
(65, 25, 9, 'select和channel组合使用要注意死锁。', 43, 'ACTIVE', 0, '2024-12-03 16:20:00'),
(66, 40, 3, '可以参考下高并发场景下的缓存预热。', 27, 'ACTIVE', 1, '2025-04-19 13:30:00'),
(67, 39, 6, 'DataLoader是训练提速的好帮手。', 49, 'ACTIVE', 1, '2025-04-07 14:00:00'),
(68, 49, 2, 'STUN/TURN服务器搭建能讲一下吗？', NULL, 'ACTIVE', 0, '2025-07-11 12:00:00'),
(69, 50, 7, '软技能和硬技能并重。', 53, 'ACTIVE', 1, '2025-08-04 08:45:00');

-- =============================================
-- 7. 用户点赞数据 (约100条，随机选择)
-- =============================================
INSERT INTO user_like (id, user_id, article_id, created_at) VALUES
(1, 1, 2, '2024-06-07 10:00:00'),
(2, 1, 4, '2024-06-18 11:00:00'),
(3, 1, 6, '2024-07-03 14:00:00'),
(4, 1, 18, '2024-10-07 09:00:00'),
(5, 1, 40, '2025-04-16 15:00:00'),
(6, 2, 1, '2024-06-03 08:30:00'),
(7, 2, 3, '2024-06-12 11:20:00'),
(8, 2, 5, '2024-06-22 09:00:00'),
(9, 2, 7, '2024-07-11 16:00:00'),
(10, 2, 10, '2024-08-03 14:30:00'),
(11, 2, 18, '2024-10-06 10:15:00'),
(12, 2, 24, '2024-11-16 11:00:00'),
(13, 2, 40, '2025-04-17 09:30:00'),
(14, 3, 1, '2024-06-04 12:00:00'),
(15, 3, 4, '2024-06-17 15:45:00'),
(16, 3, 6, '2024-07-04 08:00:00'),
(17, 3, 9, '2024-07-21 10:00:00'),
(18, 3, 14, '2024-09-11 14:00:00'),
(19, 3, 22, '2024-11-06 10:30:00'),
(20, 3, 33, '2025-02-16 12:00:00'),
(21, 3, 39, '2025-04-06 16:20:00'),
(22, 4, 2, '2024-06-08 11:00:00'),
(23, 4, 5, '2024-06-23 10:15:00'),
(24, 4, 8, '2024-07-16 09:00:00'),
(25, 4, 12, '2024-08-16 10:30:00'),
(26, 4, 15, '2024-09-17 08:45:00'),
(27, 4, 20, '2024-10-21 14:00:00'),
(28, 4, 28, '2025-01-07 11:00:00'),
(29, 4, 35, '2025-03-06 09:20:00'),
(30, 4, 43, '2025-05-06 10:30:00'),
(31, 5, 1, '2024-06-05 15:00:00'),
(32, 5, 3, '2024-06-13 08:00:00'),
(33, 5, 10, '2024-08-04 16:45:00'),
(34, 5, 13, '2024-09-03 09:30:00'),
(35, 5, 18, '2024-10-08 10:00:00'),
(36, 5, 26, '2024-12-07 11:30:00'),
(37, 5, 31, '2025-02-03 14:15:00'),
(38, 5, 40, '2025-04-18 08:00:00'),
(39, 5, 46, '2025-06-03 13:00:00'),
(40, 6, 2, '2024-06-09 10:00:00'),
(41, 6, 4, '2024-06-19 11:15:00'),
(42, 6, 7, '2024-07-12 09:00:00'),
(43, 6, 11, '2024-08-12 14:30:00'),
(44, 6, 16, '2024-09-22 08:00:00'),
(45, 6, 21, '2024-11-02 16:00:00'),
(46, 6, 25, '2024-12-03 10:45:00'),
(47, 6, 29, '2025-01-16 12:30:00'),
(48, 6, 36, '2025-03-11 09:15:00'),
(49, 6, 41, '2025-04-21 14:00:00'),
(50, 6, 48, '2025-07-03 10:00:00'),
(51, 7, 3, '2024-06-14 10:30:00'),
(52, 7, 8, '2024-07-17 11:00:00'),
(53, 7, 14, '2024-09-12 15:20:00'),
(54, 7, 19, '2024-10-12 08:30:00'),
(55, 7, 23, '2024-11-11 16:00:00'),
(56, 7, 27, '2024-12-11 10:00:00'),
(57, 7, 32, '2025-02-11 09:45:00'),
(58, 7, 37, '2025-03-21 14:10:00'),
(59, 7, 42, '2025-05-02 11:30:00'),
(60, 7, 49, '2025-07-11 12:00:00'),
(61, 9, 1, '2024-06-06 08:15:00'),
(62, 9, 5, '2024-06-24 14:00:00'),
(63, 9, 9, '2024-07-22 10:30:00'),
(64, 9, 14, '2024-09-13 08:00:00'),
(65, 9, 17, '2024-10-03 11:15:00'),
(66, 9, 24, '2024-11-18 09:00:00'),
(67, 9, 28, '2025-01-08 15:45:00'),
(68, 9, 33, '2025-02-17 10:00:00'),
(69, 9, 38, '2025-04-02 16:30:00'),
(70, 9, 44, '2025-05-11 08:20:00'),
(71, 9, 50, '2025-08-03 09:00:00'),
(72, 10, 2, '2024-06-10 12:00:00'),
(73, 10, 6, '2024-07-05 09:30:00'),
(74, 10, 10, '2024-08-05 10:00:00'),
(75, 10, 15, '2024-09-18 13:15:00'),
(76, 10, 20, '2024-10-23 08:45:00'),
(77, 10, 26, '2024-12-09 14:00:00'),
(78, 10, 30, '2025-01-21 11:30:00'),
(79, 10, 34, '2025-03-02 09:00:00'),
(80, 10, 39, '2025-04-08 10:30:00'),
(81, 10, 45, '2025-05-16 14:20:00'),
(82, 2, 15, '2024-09-19 16:00:00'),
(83, 3, 16, '2024-09-23 10:00:00'),
(84, 4, 19, '2024-10-13 11:45:00'),
(85, 5, 22, '2024-11-07 09:30:00'),
(86, 7, 35, '2025-03-07 15:00:00'),
(87, 9, 36, '2025-03-12 11:00:00'),
(88, 10, 40, '2025-04-19 10:45:00'),
(89, 1, 50, '2025-08-04 12:00:00'),
(90, 2, 50, '2025-08-05 08:30:00'),
(91, 3, 50, '2025-08-06 09:15:00'),
(92, 4, 50, '2025-08-07 10:00:00'),
(93, 5, 50, '2025-08-08 11:20:00'),
(94, 6, 50, '2025-08-09 14:00:00'),
(95, 7, 50, '2025-08-10 15:30:00'),
(96, 9, 18, '2024-10-09 08:00:00'),
(97, 10, 18, '2024-10-10 09:00:00'),
(98, 2, 8, '2024-07-18 10:00:00'),
(99, 3, 8, '2024-07-19 11:30:00'),
(100, 5, 8, '2024-07-20 14:45:00');